{
  "mae": 253.9898055145256,
  "rmse": 398.2551687204608,
  "wmape": 0.614065204910256,
  "test_rows": 395
}